"","method","value"
"1","neg.log.likelihood",-173.409582464341
"2","MAP",-180.341054269941
"3","euclidean",19.8244503088082
"4","manhattan",145.501105913135
"5","cosine",0.862925881154092
