"","method","value"
"1","neg.log.likelihood",-99.8317985494537
"2","MAP",-108.121239813933
"3","euclidean",7.87085760916869
"4","manhattan",58.9649398563926
"5","cosine",0.722524979356509
