"","method","proposed.assignment","QP.assignment"
"1","log.likelihood",-419.665737202732,-420.283601506662
"2","euclidean",193.181320789455,187.41144000043
"3","manhattan",1347.16279171728,1300.56848984395
"4","cosine",0.979782344623061,0.980956079999059
