"","method","value"
"1","neg.log.likelihood",-446.847253554974
"2","MAP",-454.397027623259
"3","euclidean",404.519281135636
"4","manhattan",2350.64144576954
"5","cosine",0.993932882613631
