"","method","value"
"1","neg.log.likelihood",-17.5376263299134
"2","MAP",-24.4690981355128
"3","euclidean",2.26919935980558
"4","manhattan",9.0720533622967
"5","cosine",0.532279229627723
