"","method","value"
"1","neg.log.likelihood",-134.0955305512
"2","MAP",-141.027002356799
"3","euclidean",14.0775693965439
"4","manhattan",97.3262281913907
"5","cosine",0.896156110583727
