"","method","value"
"1","neg.log.likelihood",-92.8570002709531
"2","MAP",-98.0553990820742
"3","euclidean",7.67789850609005
"4","manhattan",56.4546120635518
"5","cosine",0.537095670154841
