"","method","value"
"1","neg.log.likelihood",-553.764160047862
"2","MAP",-561.313934116146
"3","euclidean",1480.33448449122
"4","manhattan",7931.70061263945
"5","cosine",0.993791499742135
