"","method","value"
"1","neg.log.likelihood",-118.870778530702
"2","MAP",-124.916475202211
"3","euclidean",10.0100375191709
"4","manhattan",72.7159302813215
"5","cosine",0.752807348942114
