"","method","value"
"1","neg.log.likelihood",-160.474024665382
"2","MAP",-167.405496470981
"3","euclidean",16.1653480590611
"4","manhattan",110.033229506423
"5","cosine",0.888234798768935
