"","method","value"
"1","neg.log.likelihood",-101.060377943027
"2","MAP",-104.754699357372
"3","euclidean",8.11536992921484
"4","manhattan",63.8984676323838
"5","cosine",0.72769555479813
