"","method","value"
"1","neg.log.likelihood",-402.271917384707
"2","MAP",-417.507853756484
"3","euclidean",367.376680696045
"4","manhattan",1820.80017616572
"5","cosine",0.993367709659189
