"","method","value"
"1","neg.log.likelihood",-106.68459823658
"2","MAP",-113.61607004218
"3","euclidean",9.47332958136096
"4","manhattan",68.729050360415
"5","cosine",0.773920757620063
