"","method","proposed.assignment","QP.assignment"
"1","log.likelihood",-419.310894937075,-419.450128175669
"2","euclidean",214.868499073143,214.40392463458
"3","manhattan",1605.09611200616,1597.27047478744
"4","cosine",0.95960861724735,0.959771233929243
