"","method","value"
"1","neg.log.likelihood",-157.1557199207
"2","MAP",-164.087191726299
"3","euclidean",14.0651348729445
"4","manhattan",103.291332849377
"5","cosine",0.905891256314753
