"","method","value"
"1","neg.log.likelihood",-547.097973301764
"2","MAP",-558.780243698236
"3","euclidean",1613.31151289398
"4","manhattan",8278.29042705227
"5","cosine",0.992297994261918
