"","method","value"
"1","neg.log.likelihood",-113.414062267919
"2","MAP",-120.345534073518
"3","euclidean",10.598520544135
"4","manhattan",70.9267150852695
"5","cosine",0.89011927715209
