"","method","value"
"1","neg.log.likelihood",-628.938843593401
"2","MAP",-641.083737511821
"3","euclidean",3577.69772721703
"4","manhattan",18073.6956481657
"5","cosine",0.993221361779715
