"","method","value"
"1","neg.log.likelihood",-493.426855073707
"2","MAP",-495.614379613375
"3","euclidean",1794.70474468412
"4","manhattan",6222.72960926334
"5","cosine",0.952545674626245
