"","UC2T","UC2N","UC4T","UC4N","UC5T","UC5N","UC7T","UC7N","UC7_Blood","UC10T","UC10N","UC11T","UC11N","UC13T","UC13N","UC14T","UC14N","UC14_Blood","UC14_Urine","UC18T","UC18N","UC18_Blood","UC18_Urine","UC19T","UC19N","UC19_Blood","UC19_Urine","UC26T","UC26N","UC34T","UC34N","UC34_Blood"
"hdp.1",0.202148259649514,2.50975702483661,0.807419471827503,0.606035748821229,0.385592938637538,0.978095928612663,12.0502202910378,2464.70128331505,200.984347655968,0.493227748966991,1.45056124664297,1.66091783356557,18.5694383233458,1328.23135721935,71.3036424511778,4.67789531094245,147.219569170134,69.3174445932154,6.57785254323132,67.2037120661424,88.7006325203188,98.8909070955493,20.8244291370613,71.5464697907489,191.495522224054,76.9272747836905,57.3120581609136,0.837727251704013,2.69113038375882,15.3286220338112,548.099816760266,84.5165027110297
"hdp.2",130.534056233856,7.56477292614191,170.527999736243,63.0214237375833,192.473522447748,88.0859733549719,168.415558778281,2.90441900087744,20.8378345186951,122.414679085792,8.17680073331939,85.536012061128,15.0249538915915,122.039367591886,79.1772182968532,348.165613672185,20.3060994219557,17.078886901808,0.185116851168512,475.965629153175,26.4281968889117,7.38063223972652,1.34633570018701,47.0892624790981,68.6261743860227,3.4482836622745,78.5270109882521,759.390556538631,71.795204163129,172.438631690021,31.8932285118233,6.19837216918766
"potential hdp.1",6.26379550649495,148.925470049021,29.6645807919291,126.372540513596,7.1408846136144,151.935930716415,1.53422093068139,11.3942976840769,173.177817825337,21.0920931652415,73.3726380200376,0.80307010530644,114.405607785063,13.7292751887657,81.519139251969,27.1564910168726,99.4743314079106,206.603668504977,0.237030605600174,3.83065878068301,99.8711705907695,162.728460664724,112.829235162752,87.3642677301531,99.8783033899236,141.624441554035,130.160930850834,6.77171620966512,127.513665453112,3.2327462761676,89.0069547279111,209.285125119783
