"","to","sim"
"hdp.1","SBS22",0.984595616269844
"hdp.2","SBS40",0.75596428123937
"potential hdp.1","SBS5",0.824295067032777
