"","method","proposed.assignment","QP.assignment"
"1","log.likelihood",-794.621091584912,-798.861486273235
"2","euclidean",439.734350881576,405.066972107963
"3","manhattan",3536.54297758536,3508.98803351817
"4","cosine",0.933092404866692,0.943794013679058
