"","method","value"
"1","neg.log.likelihood",-164.733579525785
"2","MAP",-171.665051331384
"3","euclidean",17.1837947447462
"4","manhattan",113.840806388305
"5","cosine",0.957289829915609
