"","method","value"
"1","neg.log.likelihood",-138.162467787372
"2","MAP",-145.093939592971
"3","euclidean",13.8580122815903
"4","manhattan",98.9575583249539
"5","cosine",0.837119465404133
