"","method","value"
"1","neg.log.likelihood",-156.454185686935
"2","MAP",-163.385657492534
"3","euclidean",13.6507138142963
"4","manhattan",106.912452890341
"5","cosine",0.907499565368929
