"","method","value"
"1","neg.log.likelihood",-290.587217852605
"2","MAP",-294.583325945583
"3","euclidean",58.33431507663
"4","manhattan",397.278426666881
"5","cosine",0.976011504978956
