"","method","value"
"1","neg.log.likelihood",-162.961162690613
"2","MAP",-169.892634496213
"3","euclidean",15.9999413386777
"4","manhattan",104.910539420003
"5","cosine",0.929559887993242
