"","method","value"
"1","neg.log.likelihood",-123.543107030079
"2","MAP",-130.474578835678
"3","euclidean",14.3922489396972
"4","manhattan",92.1672262358391
"5","cosine",0.912101109060593
