"","method","value"
"1","neg.log.likelihood",-303.867007801425
"2","MAP",-311.416781869709
"3","euclidean",93.7388183525092
"4","manhattan",462.233509088541
"5","cosine",0.942626977202593
