"","method","value"
"1","neg.log.likelihood",-187.47471033656
"2","MAP",-194.40618214216
"3","euclidean",22.1090389717934
"4","manhattan",148.064510071142
"5","cosine",0.964959741398263
