"","method","value"
"1","neg.log.likelihood",-258.951452484203
"2","MAP",-265.882924289802
"3","euclidean",64.880939508881
"4","manhattan",366.097833286818
"5","cosine",0.980892616903426
