"","method","value"
"1","neg.log.likelihood",-157.623372504611
"2","MAP",-164.55484431021
"3","euclidean",14.2859377411649
"4","manhattan",104.944298234787
"5","cosine",0.901533988064671
