"","method","value"
"1","neg.log.likelihood",-211.088702540351
"2","MAP",-225.014717529793
"3","euclidean",25.5351028755901
"4","manhattan",187.511914494993
"5","cosine",0.921222466935247
