"","method","value"
"1","neg.log.likelihood",-300.412104471479
"2","MAP",-305.147879760652
"3","euclidean",179.819173923156
"4","manhattan",753.234510632397
"5","cosine",0.992229989209655
