"","method","value"
"1","neg.log.likelihood",-662.337407020383
"2","MAP",-670.928634963496
"3","euclidean",6189.63392999964
"4","manhattan",31141.6033747307
"5","cosine",0.993670363582837
