"","method","value"
"1","neg.log.likelihood",-180.650195623489
"2","MAP",-187.581667429088
"3","euclidean",22.9369662656958
"4","manhattan",148.603042792633
"5","cosine",0.934933374988764
