"","method","value"
"1","neg.log.likelihood",-162.392493541458
"2","MAP",-169.323965347057
"3","euclidean",14.5733361882726
"4","manhattan",111.23786611606
"5","cosine",0.92384740302845
