"","method","value"
"1","neg.log.likelihood",-82.8152422895433
"2","MAP",-89.0550949754926
"3","euclidean",5.93955502543333
"4","manhattan",45.9019845739644
"5","cosine",0.605710916232127
