"","method","value"
"1","neg.log.likelihood",-4201.14407959809
"2","MAP",-4211.11166199059
"3","euclidean",1162.93909627844
"4","manhattan",4707.10392487262
"5","cosine",0.894195600072851
