"","method","value"
"1","neg.log.likelihood",-655.5372494256
"2","MAP",-663.087023493884
"3","euclidean",4476.83863158393
"4","manhattan",25641.9697977587
"5","cosine",0.992864749851429
