"","method","proposed.assignment","QP.assignment"
"1","log.likelihood",-101.693521810813,-104.132996896848
"2","euclidean",90.1663210406753,70.9891206317809
"3","manhattan",386.935163452559,335.226037895353
"4","cosine",0.999293242731246,0.999443653064641
