"","method","proposed.assignment","QP.assignment"
"1","log.likelihood",-90.2956584060539,-90.7294255313676
"2","euclidean",91.9968001503015,73.4117005252572
"3","manhattan",397.472033373218,337.839358673243
"4","cosine",0.999260181737023,0.999407864176195
