"","method","proposed.assignment","QP.assignment"
"1","log.likelihood",-115.794646306102,-118.357981164245
"2","euclidean",91.2878598106192,70.9891206317809
"3","manhattan",389.662675403659,335.226037895353
"4","cosine",0.999287226039817,0.999443653064641
