"","method","value"
"1","neg.log.likelihood",-93.6093445357079
"2","MAP",-100.540816341307
"3","euclidean",9.4383212050807
"4","manhattan",61.337698586972
"5","cosine",0.821581001081532
