"","method","value"
"1","neg.log.likelihood",-195.319117764178
"2","MAP",-204.650012903486
"3","euclidean",23.3625064275457
"4","manhattan",149.479855693032
"5","cosine",0.569857408130326
