"","method","value"
"1","neg.log.likelihood",-138.015182469674
"2","MAP",-144.946654275274
"3","euclidean",11.5919614679577
"4","manhattan",87.0055635730785
"5","cosine",0.843602600102634
