"","method","value"
"1","neg.log.likelihood",-135.056482958754
"2","MAP",-141.987954764353
"3","euclidean",13.9315565289367
"4","manhattan",94.6319362442555
"5","cosine",0.903914196047881
