"","method","value"
"1","neg.log.likelihood",-1346.85745179834
"2","MAP",-1351.86943689095
"3","euclidean",583.629381283504
"4","manhattan",3060.24807196298
"5","cosine",0.994731272123863
