"","method","value"
"1","neg.log.likelihood",-200.230278362788
"2","MAP",-207.161750168388
"3","euclidean",32.2941915277232
"4","manhattan",186.106416234522
"5","cosine",0.971386706153521
