"","method","value"
"1","neg.log.likelihood",-151.693905615939
"2","MAP",-158.625377421539
"3","euclidean",13.8437118365118
"4","manhattan",100.237077492113
"5","cosine",0.876985414648144
