"","method","value"
"1","neg.log.likelihood",-120.366863660825
"2","MAP",-127.298335466425
"3","euclidean",11.8643717456953
"4","manhattan",81.5560591326133
"5","cosine",0.853137091502696
