"","method","value"
"1","neg.log.likelihood",-606.843723697866
"2","MAP",-616.916666606027
"3","euclidean",1986.57191887265
"4","manhattan",7115.87487008998
"5","cosine",0.639411444172888
