"","method","value"
"1","neg.log.likelihood",-122.204712504092
"2","MAP",-129.136184309691
"3","euclidean",13.1802244805982
"4","manhattan",76.0076939456806
"5","cosine",0.913920794327076
