"","method","value"
"1","neg.log.likelihood",-130.690312622916
"2","MAP",-138.979753887396
"3","euclidean",12.8715433533252
"4","manhattan",93.8607334200481
"5","cosine",0.70970056813574
