"","method","value"
"1","neg.log.likelihood",-165.990121357847
"2","MAP",-172.921593163447
"3","euclidean",16.2007693455079
"4","manhattan",115.212625225035
"5","cosine",0.951634235793208
