"","method","value"
"1","neg.log.likelihood",-153.154992329009
"2","MAP",-160.086464134609
"3","euclidean",14.0062701609948
"4","manhattan",102.892896437321
"5","cosine",0.882955421252274
