"","method","value"
"1","neg.log.likelihood",-83.783204088714
"2","MAP",-88.9816028998352
"3","euclidean",6.46755992488536
"4","manhattan",47.6127217774902
"5","cosine",0.745488454176314
