"","method","value"
"1","neg.log.likelihood",-506.615378677652
"2","MAP",-512.855231363602
"3","euclidean",2160.25905959117
"4","manhattan",7697.42123200257
"5","cosine",0.966639034765068
