"","method","value"
"1","neg.log.likelihood",-199.987584615379
"2","MAP",-212.872145729993
"3","euclidean",22.8873022149696
"4","manhattan",168.769895178741
"5","cosine",0.88476843192479
