"","method","value"
"1","neg.log.likelihood",-128.936669707944
"2","MAP",-141.821230822558
"3","euclidean",10.8904103242516
"4","manhattan",80.7129995880398
"5","cosine",0.816799897124759
