"","method","value"
"1","neg.log.likelihood",-458.417257229918
"2","MAP",-461.371911448068
"3","euclidean",2608.26234233175
"4","manhattan",7771.16843099844
"5","cosine",0.988360650549145
