"","method","proposed.assignment","QP.assignment"
"1","log.likelihood",-428.341963962035,-428.609897376077
"2","euclidean",233.448151003477,231.760670586699
"3","manhattan",1787.11270670866,1777.67031837373
"4","cosine",0.953261235332885,0.954076654189309
