"","method","value"
"1","neg.log.likelihood",-280.450433888596
"2","MAP",-287.381905694195
"3","euclidean",107.851954648785
"4","manhattan",527.534198498763
"5","cosine",0.984674544506794
