"","method","value"
"1","neg.log.likelihood",-125.882156935791
"2","MAP",-132.81362874139
"3","euclidean",13.0196351685266
"4","manhattan",90.9221246363851
"5","cosine",0.837671300733664
