"","method","proposed.assignment","QP.assignment"
"1","log.likelihood",-185.330776609635,-192.91226772753
"2","euclidean",124.169100901953,66.7660269118031
"3","manhattan",373.914311169865,306.295123092496
"4","cosine",0.999479404357973,0.999503443140893
