"","method","value"
"1","neg.log.likelihood",-179.391474857924
"2","MAP",-186.322946663523
"3","euclidean",17.9072890746919
"4","manhattan",124.435365499158
"5","cosine",0.95446636368916
