"","method","value"
"1","neg.log.likelihood",-504.862711735722
"2","MAP",-521.140101982328
"3","euclidean",999.921686351885
"4","manhattan",4857.85534229245
"5","cosine",0.991442706849056
