"","method","value"
"1","neg.log.likelihood",-206.189040081648
"2","MAP",-213.120511887248
"3","euclidean",35.6927448069303
"4","manhattan",221.846351760374
"5","cosine",0.969580650029491
