"","method","value"
"1","neg.log.likelihood",-120.77803824596
"2","MAP",-124.774146338938
"3","euclidean",11.6430134108956
"4","manhattan",87.4326330110843
"5","cosine",0.961581237132851
