"","method","value"
"1","neg.log.likelihood",-174.961800104027
"2","MAP",-181.893271909627
"3","euclidean",19.7035304011177
"4","manhattan",142.245468267051
"5","cosine",0.893887180592857
